District,Area,col1,col2,col3,col4,col5,
Jungnang-gu,Mangu-dong,998294260.5,2175813896,4779,208891.8729,455286.4398,
Jungnang-gu,Myeonmok-dong,2601698959,5686944562,12530,207637.5865,453866.2859,
Jungnang-gu,Muk-dong,648824583.1,1432777896,3136,206895.5941,456880.7068,
Jungnang-gu,Sangbong-dong,626709336.9,1374311730,3019,207588.3858,455220.8446,
Jungnang-gu,Sinnae-dong,291371939,637309053.8,1396,208719.154,456525.1101,
Jungnang-gu,Junghwa-dong,884370210.5,1947600848,4275,206870.2247,455579.1458,
Gangnam-gu,Gaepo-dong,442713064.9,955147582.9,2160,204959.7523,442197.9551,
Gangnam-gu,Nonhyeon-dong,906186001.5,1992987274,4469,202771.5376,445958.2175,
Gangnam-gu,Daechi-dong,511038542.9,1107623814,2491,205153.9714,444650.2665,
Gangnam-gu,Dogok-dong,212027094.6,461232796.1,1041,203676.3636,443067.0472,
Gangnam-gu,Samseong-dong,483538067,1053369968,2362,204715.5237,445965.2702,
Gangnam-gu,Segok-dong,76517892.2,161312154.2,366,209065.2792,440743.5908,
Gangnam-gu,Suseo-dong,54451872.37,115607700.2,261,208627.8635,442941.38,
Gangnam-gu,Sinsa-dong,481610561.2,1063079192,2378,202527.5699,447047.5999,
Gangnam-gu,Apgujeong-dong,37698614.03,83285099.94,186,202680.7206,447769.3545,
Gangnam-gu,Yeoksam-dong,1005327413,2197780833,4944,203342.9233,444534.958,
Gangnam-gu,Yulhyeon-dong,69553173.99,146516940.9,332,209497.512,441316.0871,
Gangnam-gu,Irwon-dong,231446165.8,494894404.1,1116,207389.0375,443453.7671,
Gangnam-gu,Jagok-dong,78754035.55,166568832.5,377,208896.646,441827.1418,
Gangnam-gu,Cheongdam-dong,356461524.7,780635218.4,1746,204158.9488,447099.2087,
Gangdong-gu,Gangil-dong,87441483.34,183494407,406,215373.1117,451956.6675,
Gangdong-gu,Godeok-dong,309554380.7,652540771.6,1446,214076.3352,451273.0094,
Gangdong-gu,Gil-dong,439352084,927342483.6,2066,212658.3175,448858.8982,
Gangdong-gu,Dunchon-dong,309771334.5,652544374.6,1457,212609.0148,447868.4795,
Gangdong-gu,Myeongil-dong,217755100.2,459890367.3,1022,213067.6128,449990.5747,
Gangdong-gu,Sangil-dong,162350988.6,339701027.7,755,215034.4219,449935.1361,
Gangdong-gu,Seongnae-dong,886666047.4,1878875151,4194,211412.9822,447991.2138,
Gangdong-gu,Amsa-dong,646309649.3,1374494153,3052,211765.9401,450358.5035,
Gangdong-gu,Cheonho-dong,1314726927,2791416785,6212,211643.0984,449358.7871,
Gangbuk-gu,Mia-dong,2753060458,6235472256,13616,202193.0419,457951.8402,
Gangbuk-gu,Beon-dong,734398209.7,1663242082,3620,202872.4336,459459.1386,
Gangbuk-gu,Suyu-dong,2313245302,5280620028,11480,201502.204,459984.323,
Gangbuk-gu,Ui-dong,297774695.7,685066410.2,1482,200927.595,462258.0365,
Gangseo-gu,Gayang-dong,158088376.5,382781712.5,847,186645.0727,451926.4611,
Gangseo-gu,Gaehwa-dong,104373493.1,259493461.4,572,182471.1418,453659.8976,
Gangseo-gu,Gonghang-dong,392126958.7,963905902.2,2137,183494.1314,451055.6398,
Gangseo-gu,Gwahae-dong,3262808.917,8118088.199,18,181267.1621,451004.8999,
Gangseo-gu,Naebalsan-dong,244222480.6,593123833.4,1317,185438.4818,450359.7824,
Gangseo-gu,Deungchon-dong,463489641.2,1113626135,2473,187419.9924,450313.8435,
Gangseo-gu,Magok-dong,96077475.4,234969029.6,520,184764.3758,451863.5185,
Gangseo-gu,Banghwa-dong,720589001.9,1776883860,3929,183402.6475,452248.3736,
Gangseo-gu,Yeomchang-dong,177490846.2,423681960.9,941,188619.3902,450246.5046,
Gangseo-gu,Ogok-dong,3058038.963,7661790.375,17,179884.6449,450693.5515,
Gangseo-gu,Osoe-dong,3642045.779,8986029.996,20,182102.2889,449301.4998,
Gangseo-gu,Oebalsan-dong,31690714.95,77364977.44,172,184248.3427,449796.3805,
Gangseo-gu,Hwagok-dong,2546422521,6127810906,13654,186496.4494,448792.3617,
Gwanak-gu,Namhyeon-dong,217376948.8,484866886.7,1098,197975.3632,441590.9715,
Gwanak-gu,Bongcheon-dong,2861347313,6475766272,14632,195554.081,442575.6063,
Gwanak-gu,Sillim-dong,3986673119,9104702240,20607,193462.0818,441825.7019,
Gwangjin-gu,Gwangjang-dong,189088742,406531865.6,904,209168.9624,449703.3911,
Gwangjin-gu,Guui-dong,988884866,2137598750,4756,207923.6472,449453.0593,
Gwangjin-gu,Gunja-dong,436942473.8,953204967.7,2116,206494.5528,450474.9375,
Gwangjin-gu,Neung-dong,282299678.4,613421943.5,1362,207268.4863,450383.2185,
Gwangjin-gu,Jayang-dong,1398289805,3034947868,6769,206572.5816,448359.8564,
Gwangjin-gu,Junggok-dong,1630450302,3546928765,7858,207489.2215,451378.0561,
Gwangjin-gu,Hwayang-dong,497019872.5,1083125286,2410,206232.3122,449429.5791,
Guro-gu,Garibong-dong,303775894.2,707305407.9,1598,190097.5558,442619.1538,
Guro-gu,Gaebong-dong,867139201.5,2059891609,4640,186883.4486,443942.1571,
Guro-gu,Gocheok-dong,588514296.3,1397893647,3142,187305.6322,444905.6802,
Guro-gu,Guro-dong,1655879686,3868618274,8718,189938.0231,443750.6623,
Guro-gu,Gung-dong,171553479.4,411750838.9,927,185063.0845,444175.6622,
Guro-gu,Sindorim-dong,232285485.3,546250243.7,1226,189466.1381,445554.8481,
Guro-gu,Oryu-dong,493707634.3,1178783501,2656,185883.8985,443819.0892,
Guro-gu,Onsu-dong,93902265.03,226334187.1,510,184122.0883,443792.5237,
Guro-gu,Cheonwang-dong,32358980.5,76981114.17,174,185971.1523,442420.1964,
Guro-gu,Hang-dong,68240376.76,163734070.8,370,184433.4507,442524.5156,
Geumcheon-gu,Gasan-dong,327283482,761084417.8,1722,190060.0941,441977.0138,
Geumcheon-gu,Doksan-dong,1412341634,3258013677,7386,191218.7428,441106.6446,
Geumcheon-gu,Siheung-dong,1344246553,3080224526,7012,191706.5821,439279.0254,
Nowon-gu,Gongneung-dong,719685845.8,1593439349,3476,207044.2594,458411.7805,
Nowon-gu,Sanggye-dong,1785206573,4007476549,8655,206263.0356,463024.4423,
Nowon-gu,Wolgye-dong,451970208.9,1009364612,2203,205161.2387,458177.3091,
Nowon-gu,Junggye-dong,549778747.7,1223559835,2655,207072.9747,460851.1618,
Nowon-gu,Hagye-dong,178036140.4,396746144.2,863,206299.1199,459729.02,
Dobong-gu,Dobong-dong,728742490.3,1660547949,3576,203787.0499,464359.046,
Dobong-gu,Banghak-dong,844078118.7,1922928928,4154,203196.4657,462910.1898,
Dobong-gu,Ssangmun-dong,964383452.5,2197567234,4762,202516.4747,461479.8895,
Dobong-gu,Chang-dong,1025300859,2319769335,5037,203553.8732,460545.8279,
Dongdaemun-gu,Dapsimni-dong,673322145.3,1485233343,3284,205031.1039,452263.5026,
Dongdaemun-gu,Sinseol-dong,147473142.8,330140046.2,729,202295.1205,452867.0044,
Dongdaemun-gu,Yongdu-dong,811800113.7,1811295914,3999,203000.7786,452937.2127,
Dongdaemun-gu,Imun-dong,1231659370,2729742183,5993,205516.3308,455488.4337,
Dongdaemun-gu,Jangan-dong,812652706.1,1784077796,3944,206047.8464,452352.3823,
Dongdaemun-gu,Jeonnong-dong,912988485.4,2021575155,4459,204751.8469,453369.6243,
Dongdaemun-gu,Jegi-dong,948855496.5,2117634521,4666,203355.2286,453843.6607,
Dongdaemun-gu,Cheongnyangni-dong,573475574.9,1277049701,2812,203938.6824,454142.8523,
Dongdaemun-gu,Hoegi-dong,272114032.4,604716410.5,1330,204597.0168,454673.9929,
Dongdaemun-gu,Hwigyeong-dong,620437692.4,1372377371,3020,205442.9445,454429.5929,
Mapo-gu,Gongdeok-dong,377477425.4,865154619.5,1923,196296.1131,449898.3981,
Mapo-gu,Gusu-dong,21540179.4,49902836.72,111,194055.6703,449575.1056,
Mapo-gu,Nogosan-dong,204688931.7,473971433,1052,194571.2279,450543.1873,
Mapo-gu,Dangin-dong,26627457.46,62050293.91,138,192952.5903,449639.811,
Mapo-gu,Daeheung-dong,328629394.9,758536983.9,1685,195032.2818,450170.3169,
Mapo-gu,Dohwa-dong,167421842.3,384283577.3,856,195586.2643,448929.4128,
Mapo-gu,Donggyo-dong,176800397.7,412126479.9,914,193435.8837,450904.245,
Mapo-gu,Mapo-dong,37666454.83,86582280.27,193,195162.9784,448612.8511,
Mapo-gu,Mangwon-dong,582575374.4,1371274250,3042,191510.6425,450780.4897,
Mapo-gu,Sangsu-dong,142207207,331045161.6,736,193216.3139,449789.6217,
Mapo-gu,Sangam-dong,165660132.5,394221411,870,190413.9454,453128.0587,
Mapo-gu,Seogyo-dong,550758577.8,1286600093,2856,192842.6393,450490.2286,
Mapo-gu,Seongsan-dong,498505420.7,1171794969,2595,192102.2816,451558.755,
Mapo-gu,Singongdeok-dong,92401731.8,211687871,471,196182.0208,449443.4629,
Mapo-gu,Sinsu-dong,251560942.8,582103155.4,1294,194405.6745,449847.879,
Mapo-gu,Sinjeong-dong,4459612.533,10335821.57,23,193896.1971,449383.5464,
Mapo-gu,Ahyeon-dong,306120605.5,703464710.6,1561,196105.4488,450650.0388,
Mapo-gu,Yeonnam-dong,391969715.2,916537025.9,2030,193088.5296,451496.0719,
Mapo-gu,Yeomni-dong,367454811.5,846820677.7,1881,195350.777,450197.0641,
Mapo-gu,Yonggang-dong,66413315.11,153164289.7,341,194760.4549,449162.1399,
Mapo-gu,Jung-dong,62150689.31,146557351.9,324,191823.1152,452337.5057,
Mapo-gu,Changjeon-dong,135474186.4,314645692.9,699,193811.4254,450136.8997,
Mapo-gu,Tojeong-dong,6621265.959,15265210.29,34,194743.1164,448976.7732,
Mapo-gu,Hajung-dong,3292795.019,7642216.706,17,193693.8247,449542.1592,
Mapo-gu,Hapjeong-dong,352668892.8,825646457.3,1835,192190.1323,449943.5734,
Mapo-gu,Hyeonseok-dong,16697310.63,38645015.87,86,194154.7748,449360.6496,
Seodaemun-gu,Namgajwa-dong,359338125.9,843164651.5,1861,193088.7297,453070.7423,
Seodaemun-gu,Naengcheon-dong,30501164.56,70053378.09,155,196781.7068,451957.278,
Seodaemun-gu,Daesin-dong,43911009.93,101671152.7,225,195160.0441,451871.7896,
Seodaemun-gu,Daehyeon-dong,112195509.4,259322238.7,575,195122.6251,450995.1978,
Seodaemun-gu,Migeun-dong,27592663.15,63212886.25,140,197090.4511,451520.6161,
Seodaemun-gu,Bongwon-dong,36333174.64,84131480.03,186,195339.6486,452319.7851,
Seodaemun-gu,Bukgajwa-dong,564036820.3,1330296741,2934,192241.5884,453407.2056,
Seodaemun-gu,Bugahyeon-dong,552993713.3,1272783587,2820,196097.0614,451341.6975,
Seodaemun-gu,Sinchon-dong,45804318.41,106197284.9,235,194911.9932,451903.3401,
Seodaemun-gu,Yeonhui-dong,777723517.8,1815181555,4013,193801.0261,452325.3315,
Seodaemun-gu,Yeongcheon-dong,37727276.14,86852066.25,192,196496.2299,452354.5117,
Seodaemun-gu,Okcheon-dong,34002167.06,78237292.6,173,196544.3182,452238.6855,
Seodaemun-gu,Changcheon-dong,293214777.1,681018715.7,1510,194181.9716,451005.772,
Seodaemun-gu,Cheonyeon-dong,58561124.73,134719941.7,298,196513.8414,452080.3411,
Seodaemun-gu,Chungjeongno-dong,36616002.26,84022856.77,186,196860.2272,451735.7891,
Seodaemun-gu,Chungjeongno-dong,135841607.5,311951431.4,691,196586.9863,451449.2494,
Seodaemun-gu,Hap-dong,7487250.634,17151077.43,38,197032.9114,451344.1429,
Seodaemun-gu,Hyeonjeo-dong,25872036.39,59780351.27,132,196000.2757,452881.449,
Seodaemun-gu,Hongeun-dong,845753111.5,1976095774,4346,194604.9497,454692.9991,
Seodaemun-gu,Hongje-dong,765612141.8,1781449931,3921,195259.4088,454335.611,
Seocho-gu,Naegok-dong,100993318.4,215020510.2,489,206530.3034,439714.7447,
Seocho-gu,Banpo-dong,454862229.2,1007962695,2266,200733.5522,444820.2537,
Seocho-gu,Bangbae-dong,1416183357,3148987616,7112,199125.8939,442771.0371,
Seocho-gu,Seocho-dong,863599603.5,1900271275,4287,201446.1403,443263.6518,
Seocho-gu,Sinwon-dong,77972699.53,166707160.8,380,205191.3146,438703.0547,
Seocho-gu,Yangjae-dong,585334410.7,1269457420,2874,203665.4178,441704.0432,
Seocho-gu,Yeomgok-dong,47685944.52,102591095,233,204660.7061,440305.1287,
Seocho-gu,Umyeon-dong,137548341.4,300160503.4,681,201979.9434,440764.3221,
Seocho-gu,Wonji-dong,21080620.27,45187662.69,103,204666.2162,438715.1718,
Seocho-gu,Jamwon-dong,199319589.3,441563003.7,990,201332.9185,446023.2361,
Seongdong-gu,Geumho-dong,80638567.04,179764114.1,399,202101.6718,450536.6269,
Seongdong-gu,Geumho-dong,91608339.05,204451850.6,454,201780.4825,450334.4728,
Seongdong-gu,Geumho-dong,213021007.8,474749923.9,1055,201915.6472,449999.9279,
Seongdong-gu,Geumho-dong,149529889.3,333267718.6,741,201794.7224,449754.0062,
Seongdong-gu,Doseon-dong,108167799,240701619.8,533,202941.4616,451597.7858,
Seongdong-gu,Majang-dong,459438017.6,1020564446,2258,203471.2213,451977.1684,
Seongdong-gu,Sageun-dong,176772818,390811516.5,866,204125.6559,451283.5064,
Seongdong-gu,Sangwangsimni-dong,6470682.753,14470804.71,32,202208.836,452212.6473,
Seongdong-gu,Seongdong-gu,558321595,1229267401,2735,204139.5229,449457.9164,
Seongdong-gu,Seongdong-gu,698763570,1530966727,3409,204976.1132,449095.5491,
Seongdong-gu,Songjeong-dong,240763419,526392036.2,1169,205956.7314,450292.5887,
Seongdong-gu,Oksu-dong,86153689.42,192293748.1,428,201293.6669,449284.4581,
Seongdong-gu,Yongdap-dong,386231291.4,852210980.3,1887,204680.0696,451622.1411,
Seongdong-gu,Eungbong-dong,91870787.48,203937603.3,453,202805.2704,450193.3847,
Seongdong-gu,Hawangsimni-dong,191651244.7,427085216.1,946,202591.1677,451464.2876,
Seongdong-gu,Haengdang-dong,373181524.1,828551896.5,1837,203147.2641,451035.3275,
Seongdong-gu,Hongik-dong,95972949.35,213725053.5,473,202902.6413,451850.0073,
Seongbuk-gu,Gireum-dong,374847697,846284372.8,1854,202183.2239,456464.063,
Seongbuk-gu,Donam-dong,156113952.3,352473567.8,774,201697.6127,455392.2065,
Seongbuk-gu,Dongseon-dong,65524390.49,147784452.4,325,201613.5092,454721.392,
Seongbuk-gu,Dongseon-dong,72836839.87,164075711.8,361,201764.0994,454503.3567,
Seongbuk-gu,Dongseon-dong,64784368.93,146039355.8,321,201820.464,454951.2642,
Seongbuk-gu,Dongseon-dong,69765025.58,157448010.6,346,201633.0219,455052.0536,
Seongbuk-gu,Dongseon-dong,47145876.96,106512263.3,234,201478.1067,455180.6123,
Seongbuk-gu,Dongsomun-dong,29496165.15,66807810.42,147,200654.1847,454474.9008,
Seongbuk-gu,Dongsomun-dong,53197210.16,120402718.7,265,200744.1893,454349.882,
Seongbuk-gu,Dongsomun-dong,12057171.86,27269729.04,60,200952.8643,454495.484,
Seongbuk-gu,Dongsomun-dong,49229171.01,111393133.8,245,200935.3919,454665.8524,
Seongbuk-gu,Dongsomun-dong,27587862.27,62291479.59,137,201371.2574,454682.3328,
Seongbuk-gu,Dongsomun-dong,47106224.43,106449413.9,234,201308.6514,454912.0252,
Seongbuk-gu,Dongsomun-dong,29589478.87,66913507.89,147,201288.9719,455193.9312,
Seongbuk-gu,Bomun-dong,97241741.92,218864511.3,482,201746.3525,454075.7495,
Seongbuk-gu,Bomun-dong,55848618.18,125759709,277,201619.5602,454006.1698,
Seongbuk-gu,Bomun-dong,25788209.61,58095802.06,128,201470.3876,453873.4536,
Seongbuk-gu,Bomun-dong,22410082.93,50358432.1,111,201892.639,453679.5685,
Seongbuk-gu,Bomun-dong,53265516.79,119761136.9,264,201763.3212,453640.6699,
Seongbuk-gu,Bomun-dong,76861105.08,172756100.6,381,201735.1839,453428.0857,
Seongbuk-gu,Bomun-dong,34327859.96,77075916.25,170,201928.588,453387.7427,
Seongbuk-gu,Samseon-dong,214345343.5,484803596.4,1068,200697.8872,453935.9517,
Seongbuk-gu,Samseon-dong,123379461.5,278719974.2,614,200943.7483,453941.3261,
Seongbuk-gu,Samseon-dong,59536822.18,134407412.1,296,201137.9128,454079.0948,
Seongbuk-gu,Samseon-dong,52301053.55,118164218,260,201157.8983,454477.7616,
Seongbuk-gu,Samseon-dong,90627784.29,204435302.4,450,201395.0762,454300.672,
Seongbuk-gu,Sangwolgok-dong,175878072.6,392920624.9,861,204271.8613,456353.8036,
Seongbuk-gu,Seokgwan-dong,737429917.8,1639574619,3591,205355.0314,456578.8413,
Seongbuk-gu,Seongbuk-dong,643442750.1,1465586922,3221,199764.9022,455009.9107,
Seongbuk-gu,Seongbuk-dong,53485935.34,121330488.4,267,200321.8552,454421.305,
Seongbuk-gu,Anam-dong,72482128.52,163100227.2,359,201900.0795,454318.1817,
Seongbuk-gu,Anam-dong,73337544.94,164846834.7,363,202031.8042,454123.5116,
Seongbuk-gu,Anam-dong,86887114.26,195138441.5,430,202063.0564,453810.3291,
Seongbuk-gu,Anam-dong,21835000.73,48974755.8,108,202175.9327,453469.9611,
Seongbuk-gu,Anam-dong,151959919.2,340575428.7,750,202613.2257,454100.5716,
Seongbuk-gu,Jangwi-dong,1470889723,3289645470,7195,204432.2061,457212.713,
Seongbuk-gu,Jeongneung-dong,1384614880,3149795372,6899,200697.9098,456558.2507,
Seongbuk-gu,Jongam-dong,500414953.9,1121913272,2464,203090.4845,455321.9446,
Seongbuk-gu,Hawolgok-dong,607650251.8,1364607356,2991,203159.5626,456237.8323,
Songpa-gu,Garak-dong,538185424.6,1132921457,2551,210970.3742,444108.7641,
Songpa-gu,Geoyeo-dong,518563012.2,1080920351,2435,212962.2227,443909.7952,
Songpa-gu,Macheon-dong,653032833.9,1358801046,3059,213479.1873,444197.792,
Songpa-gu,Munjeong-dong,397344758.8,833347478.3,1881,211241.2327,443034.2787,
Songpa-gu,Bangi-dong,533252156,1129841118,2534,210438.8934,445872.5799,
Songpa-gu,Samjeon-dong,407798762.5,871376949.1,1959,208166.8007,444807.0184,
Songpa-gu,Seokchon-dong,445060841.7,946995780.4,2129,209046.896,444807.7879,
Songpa-gu,Songpa-dong,442591827,938867456.5,2109,209858.6188,445171.8618,
Songpa-gu,Sincheon-dong,45012543.63,96020720,215,209360.668,446608,
Songpa-gu,Ogeum-dong,327244126.7,687010530.7,1544,211945.6779,444955.007,
Songpa-gu,Jamsil-dong,481229988.3,1033235530,2320,207426.7191,445360.1424,
Songpa-gu,Jangji-dong,68464664.93,142814714.3,323,211964.9069,442150.8182,
Songpa-gu,Pungnap-dong,489785637.1,1043738349,2328,210389.0194,448341.2154,
Yangcheon-gu,Mok-dong,981821259.9,2338183413,5209,188485.5558,448873.7595,
Yangcheon-gu,Sinjeong-dong,1554545972,3751704503,8382,185462.4162,447590.6112,
Yangcheon-gu,Sinwol-dong,1210601814,2886600761,6461,187370.6569,446773.0632,
Yeongdeungpo-gu,Dangsan-dong,33949437.82,79249111.66,177,191804.7334,447735.0941,
Yeongdeungpo-gu,Dangsan-dong,165642214.3,387534498.2,867,191052.1503,446983.2736,
Yeongdeungpo-gu,Dangsan-dong,47631758.3,111763423.7,250,190527.0332,447053.6948,
Yeongdeungpo-gu,Dangsan-dong,118146986,276908009.4,619,190867.5056,447347.3496,
Yeongdeungpo-gu,Dangsan-dong,66112890.06,154910748.3,346,191077.7169,447718.9257,
Yeongdeungpo-gu,Dangsan-dong,25807706.19,60497637.54,135,191168.194,448130.6484,
Yeongdeungpo-gu,Dangsan-dong,78117184.68,182917373.6,408,191463.6879,448326.8961,
Yeongdeungpo-gu,Daerim-dong,960838813.7,2230500602,5025,191211.7042,443880.7168,
Yeongdeungpo-gu,Dorim-dong,320734602,746727096.9,1676,191369.0943,445541.2273,
Yeongdeungpo-gu,Mullae-dong,58032053.39,135545027.7,304,190894.9125,445871.8016,
Yeongdeungpo-gu,Mullae-dong,69762667.88,163229613.2,366,190608.3822,445982.5496,
Yeongdeungpo-gu,Mullae-dong,97173597.42,227210874.3,509,190910.8004,446386.7865,
Yeongdeungpo-gu,Mullae-dong,129221230.7,302958861.9,679,190311.0909,446183.8909,
Yeongdeungpo-gu,Mullae-dong,14620972.67,34364603.13,77,189882.762,446293.5471,
Yeongdeungpo-gu,Mullae-dong,21274559.12,50025409.07,112,189951.4207,446655.4381,
Yeongdeungpo-gu,Singil-dong,1710436940,3960285259,8894,192313.5754,445276.0579,
Yeongdeungpo-gu,Yangpyeong-dong,189513.5055,447011.5619,1,189513.5055,447011.5619,
Yeongdeungpo-gu,Yangpyeong-dong,154228056.6,362621046.7,811,190170.2301,447128.2943,
Yeongdeungpo-gu,Yangpyeong-dong,52951582.94,124767485.1,279,189790.6199,447195.287,
Yeongdeungpo-gu,Yangpyeong-dong,50049063.03,117743068.1,263,190300.6199,447692.2741,
Yeongdeungpo-gu,Yangpyeong-dong,101708962.7,239113554.8,533,190823.5698,448618.3016,
Yeongdeungpo-gu,Yangpyeong-dong,40970589.62,96500255.94,215,190560.8819,448838.3997,
Yeongdeungpo-gu,Yangpyeong-dong,32729245.7,77269929.52,172,190286.3122,449243.7763,
Yeongdeungpo-gu,Yeouido-dong,77027430.56,177970994.4,398,193536.2577,447163.3025,
Yeongdeungpo-gu,Yeongdeungpo-dong,144065108.3,334943618.5,751,191831.0364,445996.8289,
Yeongdeungpo-gu,Yeongdeungpo-dong,24230567.63,56255423.26,126,192306.0923,446471.6132,
Yeongdeungpo-gu,Yeongdeungpo-dong,112924658.2,262725030.2,588,192048.7384,446811.2759,
Yeongdeungpo-gu,Yeongdeungpo-dong,60054530.32,139761775.4,313,191867.509,446523.244,
Yeongdeungpo-gu,Yeongdeungpo-dong,51888313.73,121001865.9,271,191469.7924,446501.35,
Yeongdeungpo-gu,Yeongdeungpo-dong,85344980.04,198851819.4,445,191786.472,446858.021,
Yeongdeungpo-gu,Yeongdeungpo-dong,58579216.98,136750576.8,306,191435.3496,446897.31,
Yeongdeungpo-gu,Yeongdeungpo-dong,70752937.87,165029429.6,369,191742.379,447234.2266,
Yeongdeungpo-gu,Yeongdeungpo-dong,45224104.64,105618230.1,236,191627.562,447534.8734,
Yongsan-gu,Namyoung-dong,60678403.84,137928580.1,307,197649.5239,449278.7625,
Yongsan-gu,Seobinggo-dong,56815088.82,127348185.7,285,199351.1889,446835.7393,
Yongsan-gu,Yongmun-dong,153634128.6,350864806.5,782,196463.0801,448676.2231,
Yongsan-gu,Yongsan-dong,1583859.934,3588464.544,8,197982.4918,448558.068,
Yongsan-gu,Yongsan-dong,322045581.9,728494204.8,1621,198670.9327,449410.3669,
Yongsan-gu,Yongsan-dong,21552938.54,48853022.42,109,197733.3811,448192.8663,
Yongsan-gu,Yongsan-dong,198853.5836,448370.2126,1,198853.5836,448370.2126,
Yongsan-gu,Yongsan-dong,5132989.552,11635515.83,26,197422.6751,447519.8395,
Yongsan-gu,Yongsan-dong,2977036.88,6701469.528,15,198469.1253,446764.6352,
Yongsan-gu,Wonhyoro-dong,146834301.8,334461631,745,197093.0226,448941.7866,
Yongsan-gu,Wonhyoro-dong,96796397.22,220677547.3,492,196740.6448,448531.6002,
Yongsan-gu,Wonhyoro-dong,88682312.18,202637299.6,452,196199.8057,448312.6097,
Yongsan-gu,Wonhyoro-dong,48366495.22,110707415,247,195815.7701,448208.1577,
Yongsan-gu,Ichon-dong,101030653.4,229333375.7,513,196940.8449,447043.6173,
Yongsan-gu,Itaewon,652135528,1467713150,3272,199307.9242,448567.5885,
Yongsan-gu,Cheongpa-dong,169893961.4,387836318,862,197092.7626,449926.123,
Yongsan-gu,Cheongpa-dong,102516696.7,233802363.8,520,197147.4936,449619.9304,
Yongsan-gu,Cheongpa-dong,126199473.3,287560777.6,640,197186.677,449313.715,
Yongsan-gu,Hangangno-dong,77291314.78,175293895.8,391,197675.9969,448321.9841,
Yongsan-gu,Hangangno-dong,111710429.6,253586310.5,566,197368.2502,448032.3507,
Yongsan-gu,Hangangno-dong,228773996.8,520214496.6,1163,196710.2294,447303.9524,
Yongsan-gu,Hannam-dong,634327516.9,1419292280,3166,200356.1329,448291.9393,
Yongsan-gu,Hyochang-dong,156660707.2,358095622.4,797,196562.9953,449304.4196,
Yongsan-gu,Huam-dong,471150041.9,1070019290,2378,198128.6972,449966.0597,
Eunpyeong-gu,Galhyeon-dong,902982982.5,2148300387,4691,192492.6418,457962.1374,
Eunpyeong-gu,Gusan-dong,363952317.5,865758365.3,1895,192059.2705,456864.5727,
Eunpyeong-gu,Nokbeon-dong,455163360.3,1071589840,2349,193768.9912,456189.8,
Eunpyeong-gu,Daejo-dong,558320900.3,1320626520,2890,193190.6229,456964.1936,
Eunpyeong-gu,Bulgwang-dong,1000215267,2365311716,5166,193615.0343,457861.3466,
Eunpyeong-gu,Susaek-dong,361018122.4,859283042.7,1893,190712.1619,453926.5941,
Eunpyeong-gu,Sinsa-dong,622948659.1,1476896979,3245,191971.8518,455130.0397,
Eunpyeong-gu,Yeokchon-dong,650978785.9,1542203063,3381,192540.3094,456138.1435,
Eunpyeong-gu,Eungam-dong,995782842.2,2346413775,5159,193018.5777,454819.495,
Eunpyeong-gu,Jeungsan-dong,299199110.6,708093568.8,1560,191794.3017,453906.1338,
Eunpyeong-gu,Jingwan-dong,213936481.7,507353615.2,1102,194134.7384,460393.4802,
Jongno-gu,Gahoe-dong,101311234,231351534.3,510,198649.4784,453630.4595,
Jongno-gu,Gyonam-dong,8270496.112,18985961.15,42,196916.5741,452046.694,
Jongno-gu,Muak-dong,63634279.58,146723081.2,324,196402.0975,452849.0159,
Jongno-gu,Buam-dong,179516492.4,414920232.9,912,196838.2592,454956.3957,
Jongno-gu,Sajik-dong,68566891.67,157542912.9,348,197031.2979,452709.5199,
Jongno-gu,Samcheong-dong,125603669.2,287380056.3,633,198426.0177,453996.9294,
Jongno-gu,Sejongno-dong,9105758.162,20823892.33,46,197951.2644,452693.3116,
Jongno-gu,Ihwa-dong,97270019.77,219733951.1,485,200556.7418,453059.693,
Jongno-gu,Jongno-1.2.3.4 ga-dong,594800.559,1357042.998,3,198266.853,452347.6659,
Jongno-gu,Jongno-1.2.3.5 ga-dong,14115894.83,32113908,71,198815.4202,452308.5634,
Jongno-gu,Jongno-1.2.3.6 ga-dong,21524399.57,48849570.82,108,199299.996,452310.8409,
Jongno-gu,Jongno-1.2.3.7 ga-dong,19582851.73,44329133.6,98,199825.0177,452338.098,
Jongno-gu,Jongno-5.6 ga-dong,101970051.9,230238523.8,509,200334.0902,452335.0173,
Jongno-gu,Jongno-5.7 ga-dong,71621110.92,161563205.4,357,200619.3583,452557.9983,
Jongno-gu,Changsin-dong,607839425.2,1368820041,3023,201071.5928,452801.866,
Jongno-gu,Sungin-dong,76542075.01,176228511.9,388,197273.3892,454197.1957,
Jongno-gu,Pyeongchang-dong,360533608.4,834476129.6,1827,197336.4031,456746.65,
Jongno-gu,Hyehwa-dong,106459998,241668187,532,200112.7782,454263.5093,
Jongno-gu,Hyoja-dong,28044356.03,64418452.97,142,197495.465,453651.0772,
Jung-gu,Namdaemunro1-ga,1389522.469,3163941.576,7,198503.2098,451991.6537,
Jung-gu,Namdaemunro2-ga,1587138.837,3612731.733,8,198392.3546,451591.4666,
Jung-gu,Namdaemunro3-ga,9310471.302,21210719.94,47,198095.1341,451291.9136,
Jung-gu,Namdaemunro4-ga,12273271.94,27976495.1,62,197955.999,451233.7919,
Jung-gu,Namdaemunro5-ga,27482601.8,62666330.06,139,197716.5597,450836.9069,
Jung-gu,Namsandong1-ga,11521013.45,26162503.78,58,198638.1629,451077.6514,
Jung-gu,Namsandong2-ga,38358707.29,87043921.34,193,198749.7787,451004.7738,
Jung-gu,Namsandong3-ga,8551032.389,19401904.2,43,198861.2183,451207.0744,
Jung-gu,Myeongdong1-ga,16086949.96,36581696.46,81,198604.3205,451625.8822,
Jung-gu,Myeongdong2-ga,55224241.45,125511975.9,278,198648.3505,451481.9278,
Jung-gu,Euljiro 1-ga,2775420.657,6326034.9,14,198244.3326,451859.6357,
Jung-gu,Euljiro 2-ga,18482538.07,42017040.86,93,198736.9685,451796.1383,
Jung-gu,Euljiro 3-ga,75942297.42,172159988.5,381,199323.6153,451863.4868,
Jung-gu,Euljiro 4-ga,39567290.79,89475070.5,198,199834.802,451894.2954,
Jung-gu,Euljiro 5-ga,38833977.86,87666167.5,194,200175.1436,451887.4614,
Jung-gu,Euljiro 6-ga,39696771.83,89495898.79,198,200488.7466,451999.4888,
Jung-gu,Euljiro 7-ga,17472130.36,39301584.23,87,200829.0846,451742.3475,
Jung-gu,Chungmu-ro 1ga,14294409.65,32493902.55,72,198533.4673,451304.202,
Jung-gu,Chungmu-ro 2ga,32426382.48,73574154.07,163,198934.8618,451375.1783,
Jung-gu,Chungmu-ro 3ga,32284217.78,73136817.61,162,199285.2949,451461.8371,
Jung-gu,Chungmu-ro 4ga,51694188.46,116922963,259,199591.4612,451440.0116,
Jung-gu,Chungmu-ro 5ga,33798681.12,76301184.41,169,199992.196,451486.2983,
Jung-gu,Taepyeongno 1-ga,6928243.382,15822197.11,35,197949.8109,452062.7745,
Jung-gu,Taepyeongno 2-ga,11481429.89,26188766.51,58,197955.6878,451530.4571,
Jung-gu,Hoehyeondong1-ga,84278103.56,191624030.2,425,198301.4201,450880.071,
Jung-gu,Hoehyeondong2-ga,16875596.71,38330292.75,85,198536.4318,450944.6206,
Jung-gu,Hoehyeondong3-ga,6553648.52,14888583.07,33,198595.4097,451169.184,
